BEGIN TRANSACTION;

CREATE TABLE IF NOT EXISTS "TB_ESTADO" (
    "id"    INTEGER NOT NULL,
    "nome"  TEXT NOT NULL,
    PRIMARY KEY("id" AUTOINCREMENT)
);

CREATE TABLE IF NOT EXISTS "TB_MESORREGIAO" (
    "id"    INTEGER NOT NULL,
    "nome"  TEXT NOT NULL,
    "estado_id" INTEGER,
    PRIMARY KEY("id" AUTOINCREMENT),
    FOREIGN KEY("estado_id") REFERENCES "TB_ESTADO"("id")
);

CREATE TABLE IF NOT EXISTS "TB_MICRORREGIOES" (
    "id"    INTEGER NOT NULL,
    "nome"  TEXT NOT NULL,
    "mesorregiao_id"    INTEGER,
    PRIMARY KEY("id" AUTOINCREMENT),
    FOREIGN KEY("mesorregiao_id") REFERENCES "TB_MESORREGIAO"("id")
);

CREATE TABLE IF NOT EXISTS "TB_MUNICIPIOS" (
    "id"    INTEGER NOT NULL,
    "nome"  TEXT NOT NULL,
    "microrregiao_id"   INTEGER,
    PRIMARY KEY("id" AUTOINCREMENT),
    FOREIGN KEY("microrregiao_id") REFERENCES "TB_MICRORREGIOES"("id")
);

CREATE TABLE IF NOT EXISTS "IFCAMPUS" (
    "id"    INTEGER NOT NULL,
    "nome"  TEXT NOT NULL,
    "endereço"  TEXT,
    "latitude"  REAL,
    "longitude" REAL,
    "municipio_id"  INTEGER,
    PRIMARY KEY("id"),
    FOREIGN KEY("municipio_id") REFERENCES "TB_MUNICIPIOS"("id")
);

CREATE TABLE IF NOT EXISTS "ESCOLACAMPO" (
    "id"    INTEGER NOT NULL,
    "nome"  TEXT NOT NULL,
    "endereço"  TEXT NOT NULL,
    "latitude"  REAL,
    "longitude" REAL,
    "municipio_id"  INTEGER,
    PRIMARY KEY("id"),
    FOREIGN KEY("municipio_id") REFERENCES "TB_MUNICIPIOS"("id")
);

CREATE TABLE IF NOT EXISTS "ASSENTAMENTO" (
    "id"    INTEGER NOT NULL,
    "nome"  TEXT NOT NULL,
    "endereço"  TEXT,
    "latitude"  REAL,
    "longitude" REAL,
    "municipio_id"  INTEGER,
    PRIMARY KEY("id"),
    FOREIGN KEY("municipio_id") REFERENCES "TB_MUNICIPIOS"("id")
);

INSERT INTO "TB_ESTADO" ("id","nome") VALUES (1,'Ceará');

INSERT INTO "TB_MESORREGIAO" ("id","nome","estado_id") VALUES (1,'Sertões Cearenses',1);

INSERT INTO "TB_MICRORREGIOES" ("id","nome","mesorregiao_id") VALUES (1,'Sertão de Crateús',1),
 (2,'Sertão de Quixeramobim',1),
 (3,'Sertão de Inhamuns',1),
 (4,'Sertão de Senador Pompeu',1);

INSERT INTO "TB_MUNICIPIOS" ("id","nome","microrregiao_id") VALUES (1,'Banabuiú',2),
 (2,'Boa Viagem',2),
 (3,'Choró',2),
 (4,'Ibaretama',2),
 (5,'Madalena',2),
 (6,'Quixadá',2),
 (7,'Quixeramobim',2),
 (8,'Acopiara',4),
 (9,'Deputado Irapuan Pinheiro',4),
 (10,'Milhã',4),
 (11,'Mombaça',4),
 (12,'Pedra Branca',4),
 (13,'Piquet Carneiro',4),
 (14,'Senador Pompeu',4),
 (15,'Solonópole',4),
 (16,'Ararendá',1),
 (17,'Catunda',1),
 (18,'Crateús',1),
 (19,'Hidrolândia',1),
 (20,'Independência',1),
 (21,'Ipaporanga',1),
 (22,'Monsenhor Tabosa',1),
 (23,'Nova Russas',1),
 (24,'Novo Oriente',1),
 (25,'Poranga',1),
 (26,'Santa Quitéria',1),
 (27,'Tamboril',1),
 (28,'Ipueiras',1),
 (29,'Aiuaba',3),
 (30,'Arneiroz',3),
 (31,'Parambu',3),
 (32,'Quiterianópolis',3),
 (33,'Catarina',3),
 (34,'Saboeiro',3);

INSERT INTO "IFCAMPUS" ("id","nome","endereço","latitude","longitude","municipio_id") VALUES (1,'Quixadá','Av. José de Freitas Queiroz, 5000',-39.0578797209392,-4.97788181599585,6),
 (2,'Boa Viagem','Rod. Pres. Juscelino Kubitschek',-39.7067085614106,-5.08286837535953,2),
 (3,'Crateús','Av. Dr. Geraldo Barbosa Marques, 567',-40.6578225729906,-5.17173314345479,18),
 (4,'Acopiara','Rodovia CE 060, Km 332, Vila Martins',-39.474482747906,-6.06604560615818,8),
 (5,'Mombaça','Sítio São Francisco, s/n/ CE 363 Recreação',-39.5869225748114,-5.71309989087228,11);

INSERT INTO "ESCOLACAMPO" ("id","nome","endereço","latitude","longitude","municipio_id") VALUES (1,'EEM Florestan Fernandes','ASSENTAMENTO SANTANA, SN ZONA RURAL. 63780-000 Monsenhor Tabosa - CE.',-40.1096939,-5.0674895,22),
 (2,'EMM Paulo Freire','ASSENTAMENTO MORADA NOVA - SALAO, SN MANOEL CORREIA. 63610-000 Mombaça - CE.',-39.9353583,-5.7000333,11),
 (3,'EEM Irmã Tereza Cristina','Assentamento Nova Canaã, Distrito de Belém, S/N.',-39.3190327614068,-5.36785982289524,7);

INSERT INTO "ASSENTAMENTO" ("id","nome","endereço","latitude","longitude","municipio_id") VALUES (1,'PA BOA ÁGUA/TRAPIÁ',NULL,NULL,NULL,1),
 (2,'PA ALEIXO',NULL,NULL,NULL,2),
 (3,'PA BUENOS AIRES',NULL,NULL,NULL,2),
 (4,'PA BOA VENTURA',NULL,NULL,NULL,2),
 (5,'PA BOA VISTA',NULL,NULL,NULL,2),
 (6,'PA EDILSON MONTEIRO',NULL,NULL,NULL,2),
 (7,'PA BELO HORIZONTE',NULL,NULL,NULL,2),
 (8,'PA ALTO ALEGRE/SÃO',NULL,NULL,NULL,3),
 (9,'PA BOA VENTURA',NULL,NULL,NULL,3),
 (10,'PA SÃO JOÃO DOS CARNEIROS',NULL,NULL,NULL,3),
 (11,'PA PIÃO',NULL,NULL,NULL,3),
 (12,'PA FEIJÃO',NULL,NULL,NULL,3),
 (13,'PA OURO BRANCO',NULL,NULL,NULL,3),
 (14,'PA FONTE NOVA',NULL,NULL,NULL,3),
 (15,'PA CAÇADAS',NULL,NULL,NULL,3),
 (16,'PA LENIN PAZ II',NULL,NULL,NULL,4),
 (17,'PA SÃO JOAQUIM',NULL,NULL,NULL,5),
 (18,'PA UMARIZEIRA',NULL,NULL,NULL,5),
 (19,'PE SERRINHA DOS PAULINOS',NULL,NULL,NULL,5),
 (20,'PE CACIMBA NOVA',NULL,NULL,NULL,5),
 (21,'PE MUFUMBO',NULL,NULL,NULL,5),
 (22,'PA CALIFÓRNIA',NULL,NULL,NULL,6),
 (23,'PA MONTE CASTELO',NULL,NULL,NULL,6),
 (24,'PA CAMPO ALEGRE',NULL,NULL,NULL,6),
 (25,'PA OLIVENÇA/PALMARES',NULL,NULL,NULL,6),
 (26,'PA TIJUCA/BOA VISTA',NULL,NULL,NULL,6),
 (27,'PA IRACEMA',NULL,NULL,NULL,6),
 (28,'PA GUANABARA/MANAUS',NULL,NULL,NULL,6),
 (29,'PA 13 DE MAIO',NULL,NULL,NULL,6),
 (30,'PA MUXURÉ VELHO/SÃO JOÃO',NULL,NULL,NULL,7),
 (31,'PA RECREIO',NULL,NULL,NULL,7),
 (32,'PA TANQUINHO',NULL,NULL,NULL,7),
 (33,'PA CONQUISTA DA LIBERDADE/MARAQUETÁ',NULL,NULL,NULL,7),
 (34,'PA RENASCER CANUDOS/QUINN',NULL,NULL,NULL,7),
 (35,'PA ALEGRE',NULL,NULL,NULL,7),
 (36,'PA PARELHAS',NULL,NULL,NULL,7),
 (37,'PA CARAÍBAS',NULL,NULL,NULL,7),
 (38,'PA SANTA ELIZA',NULL,NULL,NULL,7),
 (39,'PA VISTA ALEGRE',NULL,NULL,NULL,7),
 (40,'PA NOVA CANAA',NULL,NULL,NULL,7),
 (41,'PA FREITAS',NULL,NULL,NULL,7),
 (42,'PA NOVA ESPERANÇA/COQUE',NULL,NULL,NULL,7),
 (43,'PE BELO MONTE',NULL,NULL,NULL,7),
 (44,'PE PITOMBEIRA II',NULL,NULL,NULL,7),
 (45,'PE NOVA LADEIRA',NULL,NULL,NULL,7),
 (46,'PA MASSAPÊ',NULL,NULL,NULL,11),
 (47,'PA MORADA NOVA',NULL,NULL,NULL,11),
 (48,'PA BOM LUGAR/OITIS',NULL,NULL,NULL,12),
 (49,'PA MONTE SOCORRO',NULL,NULL,NULL,12),
 (50,'PA OLHO D AGUA DA VACA',NULL,NULL,NULL,12),
 (51,'PA RIACHO DO MEIO',NULL,NULL,NULL,14),
 (52,'PA AMANAJU',NULL,NULL,NULL,14),
 (53,'PA ENCANTO',NULL,NULL,NULL,15),
 (54,'PE CEDRO',NULL,NULL,NULL,15),
 (55,'PA ITAURU',NULL,NULL,NULL,16),
 (56,'PA APUÍ',NULL,NULL,NULL,18),
 (57,'PA PALMARES',NULL,NULL,NULL,18),
 (58,'PA IRAPUÁ DE CIMA',NULL,NULL,NULL,18),
 (59,'PA SÃO GONÇALO',NULL,NULL,NULL,18),
 (60,'PA NAZÁRIO',NULL,NULL,NULL,18),
 (61,'PA SÃO JOSÉ/MUQUÉM',NULL,NULL,NULL,18),
 (62,'PA XAVIER',NULL,NULL,NULL,18),
 (63,'PA DOM ANTÔNIO BATISTA FRAGOSO',NULL,NULL,NULL,18),
 (64,'PA PADRE ALFREDINHO',NULL,NULL,NULL,18),
 (65,'PA BOM LUGAR',NULL,NULL,NULL,20),
 (66,'PA ALEUDO',NULL,NULL,NULL,20),
 (67,'PA FLORESTA',NULL,NULL,NULL,20),
 (68,'PA ORIENTE',NULL,NULL,NULL,20),
 (69,'PA ANICETO',NULL,NULL,NULL,20),
 (70,'PA JUAZEIRO',NULL,NULL,NULL,20),
 (71,'PA CACHOEIRA DO FOGO',NULL,NULL,NULL,20),
 (72,'PA SÃO JOAQUIM II',NULL,NULL,NULL,20),
 (73,'PA MUQUÉM',NULL,NULL,NULL,20),
 (74,'PA VÁRZEA DA CACIMBA',NULL,NULL,NULL,20),
 (75,'PA PINTADA/SANTANA',NULL,NULL,NULL,20),
 (76,'PA ALTA MIRA',NULL,NULL,NULL,20),
 (77,'PA SANTANA/SERRA DAS BESTAS',NULL,NULL,NULL,22),
 (78,'PA BARGADO',NULL,NULL,NULL,22),
 (79,'PA XIQUE XIQUE',NULL,NULL,NULL,22),
 (80,'PA CURITIBA',NULL,NULL,NULL,22),
 (81,'PA CACHOEIRINHA',NULL,NULL,NULL,22),
 (82,'PA PAULO FREIRE',NULL,NULL,NULL,22),
 (83,'PA MARGARIDA ALVES',NULL,NULL,NULL,22),
 (84,'PA MORRO AGUDO/LAGOA',NULL,NULL,NULL,23),
 (85,'PA PINTADA',NULL,NULL,NULL,23),
 (86,'PA PICADA',NULL,NULL,NULL,23),
 (87,'PA SACO DO BELÉM',NULL,NULL,NULL,26),
 (88,'PA UBÁ',NULL,NULL,NULL,26),
 (89,'PA RAPOSA/VÁRZEA DA CRUZ',NULL,NULL,NULL,26),
 (90,'PA GROAÍRAS',NULL,NULL,NULL,26),
 (91,'PA MORRINHOS',NULL,NULL,NULL,26),
 (92,'PA CARNAUBINHA/GALANTE',NULL,NULL,NULL,26),
 (93,'PA SACO DOS BOIS',NULL,NULL,NULL,26),
 (94,'PA RIACHO NOVO',NULL,NULL,NULL,26),
 (95,'PA GROSSOS/SANTANA',NULL,NULL,NULL,26),
 (96,'PA ALEGRE/TATAJUBA',NULL,NULL,NULL,26),
 (97,'PA BATOQUE',NULL,NULL,NULL,26),
 (98,'PA QUIXABA',NULL,NULL,NULL,26),
 (99,'PA NOVA BRASÍLIA',NULL,NULL,NULL,26),
 (100,'PA PIABAS',NULL,NULL,NULL,26),
 (101,'PA PARAÍSO',NULL,NULL,NULL,26),
 (102,'PA SANTA MARIA II',NULL,NULL,NULL,26),
 (103,'PA JUÁ',NULL,NULL,NULL,26),
 (104,'PA BARRA DO JUÁ',NULL,NULL,NULL,26),
 (105,'PA VALPARAÍSO II',NULL,NULL,NULL,26),
 (106,'PA BEM POSTA/PINTADA',NULL,NULL,NULL,26),
 (107,'PA CACIMBA NOVA/SANTA ROSA',NULL,NULL,NULL,26),
 (108,'PA BELA VISTA II',NULL,NULL,NULL,26),
 (109,'PA PICOS DE CIMA',NULL,NULL,NULL,26),
 (110,'PA POÇOS',NULL,NULL,NULL,27),
 (111,'PA PALESTINA',NULL,NULL,NULL,27),
 (112,'PA LIOLÂNDIA',NULL,NULL,NULL,27),
 (113,'PA FLORESTA II',NULL,NULL,NULL,27),
 (114,'PA PASSARINHA',NULL,NULL,NULL,27),
 (115,'PA ORANGE',NULL,NULL,NULL,27),
 (116,'PA 02 DE MAIO',NULL,NULL,NULL,27),
 (117,'PA MATRIZ',NULL,NULL,NULL,28),
 (118,'PE CURRALINHO',NULL,NULL,NULL,28),
 (119,'PA INGÁ FACUNDO',NULL,NULL,NULL,31),
 (120,'PA SERRA DAS MOÇAS E DOS CABOCLOS',NULL,NULL,NULL,31),
 (121,'PA SERRA DO MEIO',NULL,NULL,NULL,31),
 (122,'PA MUCUIM',NULL,NULL,NULL,30),
 (123,'PA MUCUIM II',NULL,NULL,NULL,30);
COMMIT;
